,symboling,normalised-losses,make,fuel-type,aspiration,num-of-doors,body-style,drive-wheels,engine-location,wheel-base,length,width,height,curb-weight,engine-type,num-of-cylinders,engine-size,fuel-system,bore,stroke,compression-ratio,horsepower,peak-rpm,city-mpg,highway-mpg,price,price-binned
0,1.7207531206816515,0.0,alfa-romero,gas,std,,convertible,rwd,front,88.6,-0.4383150689245108,-0.8513345559782999,-2.0290145032580464,-0.014820636344078248,dohc,,0.07520135170068494,mpfi,0.514374878797261,-1.807023578665926,-0.290708773629209,0.20245638069405247,-0.24470884325904493,-0.6506244800016464,-0.5409370591313337,13495.0,Low
1,1.7207531206816515,0.0,alfa-romero,gas,std,,convertible,rwd,front,88.6,-0.4383150689245108,-0.8513345559782999,-2.0290145032580464,-0.014820636344078248,dohc,,0.07520135170068494,mpfi,0.514374878797261,-1.807023578665926,-0.290708773629209,0.20245638069405247,-0.24470884325904493,-0.6506244800016464,-0.5409370591313337,16500.0,Low
2,0.12687580613320937,0.0,alfa-romero,gas,std,,hatchback,rwd,front,94.5,-0.243544260846782,-0.18513448909205427,-0.5583194270710061,0.5167891455630869,ohcv,,0.6047242453637883,mpfi,-2.402977977879763,0.6674777811913409,-0.290708773629209,1.3474790175737656,-0.24470884325904493,-0.9619947668595773,-0.6876689739564323,16500.0,Low
3,0.9238144634074305,1.3126538356356985,audi,gas,std,,sedan,fwd,front,99.8,0.19469005732811234,0.1479655443510685,0.21788075202770885,-0.42271032355284854,ohc,,-0.4302523195231865,mpfi,-0.5196236020502927,0.44821816702677214,-0.04101873218202077,-0.0371995200482131,0.7958266227356086,-0.18356904971475022,-0.10074131465603804,13950.0,Low
4,0.9238144634074305,1.3126538356356985,audi,gas,std,,sedan,4wd,front,99.4,0.19469005732811234,0.24313698247767598,0.21788075202770885,0.5187222720427492,ohc,,0.21961668633607678,mpfi,-0.5196236020502927,0.44821816702677214,-0.5403988150763973,0.3089701143572816,0.7958266227356086,-1.1176799102885426,-1.2745966332568266,17450.0,Low
5,0.9238144634074305,0.0,audi,gas,std,,sedan,fwd,front,99.8,0.25149820968411846,0.19555126341436888,-0.27235094003463606,-0.09407882201023741,ohc,,0.21961668633607678,mpfi,-0.5196236020502927,0.44821816702677214,-0.41555379435280315,0.1758279472782452,0.7958266227356086,-0.9619947668595773,-0.8344008887815308,15250.0,Low
6,0.12687580613320937,1.125131859116313,audi,gas,std,,sedan,fwd,front,105.8,1.5012775615162213,2.6224229356428292,0.7898177261004489,0.5573848016359977,ohc,,0.21961668633607678,mpfi,-0.5196236020502927,0.44821816702677214,-0.41555379435280315,0.1758279472782452,0.7958266227356086,-0.9619947668595773,-0.8344008887815308,17710.0,Low
7,0.12687580613320937,0.0,audi,gas,std,,wagon,fwd,front,105.8,1.5012775615162213,2.6224229356428292,0.7898177261004489,0.7700287143988637,ohc,,0.21961668633607678,mpfi,-0.5196236020502927,0.44821816702677214,-0.41555379435280315,0.1758279472782452,0.7958266227356086,-0.9619947668595773,-0.8344008887815308,18920.0,Medium
8,0.12687580613320937,1.125131859116313,audi,gas,turbo,,sedan,fwd,front,105.8,1.5012775615162213,2.6224229356428292,0.8715230081108383,1.025201409714303,ohc,,0.09927057413991691,mpfi,-0.7411947050890543,0.44821816702677214,-0.4654918026422406,0.9746809497524637,0.7958266227356086,-1.273365053717508,-1.5680604629070236,23875.0,Medium
10,0.9238144634074305,2.1877563927261643,bmw,gas,std,,sedan,rwd,front,101.2,0.21092095800125793,-0.518234522535177,0.21788075202770885,-0.31058898773242827,ohc,,-0.4543215419624185,mpfi,0.6251604303166408,-1.4311499543838104,-0.3406467819186465,-0.06382795346402038,1.4201479023324006,-0.33925419314371563,-0.24747322948113662,16430.0,Low
11,-0.6700628511410116,2.1877563927261643,bmw,gas,std,,sedan,rwd,front,101.2,0.21092095800125793,-0.518234522535177,0.21788075202770885,-0.31058898773242827,ohc,,-0.4543215419624185,mpfi,0.6251604303166408,-1.4311499543838104,-0.3406467819186465,-0.06382795346402038,1.4201479023324006,-0.33925419314371563,-0.24747322948113662,16925.0,Low
12,-0.6700628511410116,2.0627417417132405,bmw,gas,std,,sedan,rwd,front,101.2,0.21092095800125793,-0.518234522535177,0.21788075202770885,0.29834585336123354,ohc,,0.893554914634572,mpfi,-0.07648139597276975,-0.20956067546693155,-0.290708773629209,0.4687407148521253,-1.8055120422510251,-0.6506244800016464,-0.39420514430623516,20970.0,Medium
13,-0.6700628511410116,2.0627417417132405,bmw,gas,std,,sedan,rwd,front,101.2,0.21092095800125793,-0.518234522535177,0.21788075202770885,0.4046678097426666,ohc,,0.893554914634572,mpfi,-0.07648139597276975,-0.20956067546693155,-0.290708773629209,0.4687407148521253,-1.8055120422510251,-0.6506244800016464,-0.39420514430623516,21105.0,Medium
14,0.12687580613320937,0.0,bmw,gas,std,,sedan,rwd,front,103.5,1.2010058990630543,0.4810655777941913,0.7898177261004489,0.965274488844768,ohc,,0.893554914634572,mpfi,-0.07648139597276975,-0.20956067546693155,-0.290708773629209,0.4687407148521253,-1.8055120422510251,-0.8063096234306119,-0.8344008887815308,24565.0,Medium
15,-0.6700628511410116,0.0,bmw,gas,std,,sedan,rwd,front,103.5,1.2010058990630543,0.4810655777941913,0.7898177261004489,1.3035716227856913,ohc,,1.976669924400011,mpfi,1.068302636394164,0.41689536500326313,-0.5403988150763973,2.0930751532163696,0.5877195295366778,-1.4290501971464735,-1.2745966332568266,30760.0,Medium
16,-0.6700628511410116,0.0,bmw,gas,std,,sedan,rwd,front,103.5,1.5905475152185165,0.9569227684272219,-0.027235094003462152,1.593540594735054,ohc,,1.976669924400011,mpfi,1.068302636394164,0.41689536500326313,-0.5403988150763973,2.0930751532163696,0.5877195295366778,-1.4290501971464735,-1.2745966332568266,41315.0,High
17,-0.6700628511410116,0.0,bmw,gas,std,,sedan,rwd,front,110.0,1.850241925988823,2.384494340326314,1.03493357213162,1.8351814046928563,ohc,,1.976669924400011,mpfi,1.068302636394164,0.41689536500326313,-0.5403988150763973,2.0930751532163696,0.5877195295366778,-1.584735340575439,-1.5680604629070236,36880.0,High
18,0.9238144634074305,-0.03125366275323092,chevrolet,gas,std,,hatchback,fwd,front,88.4,-2.686294812154986,-2.659591880383815,-0.2314982990294399,-2.063934704786242,l,,-1.5855749966063213,2bbl,-1.5536220828978446,-0.7107255078430873,-0.1658637529056149,-1.4751349245018064,-0.036601750060114235,3.397189249151454,3.274092726321229,5151.0,Low
19,0.12687580613320937,-0.750087906077542,chevrolet,gas,std,,hatchback,fwd,front,94.5,-1.4852081623423132,-1.0892631512948117,-0.7217299910917877,-1.3177478836365484,ohc,,-0.887567545868594,2bbl,-1.1104798768203235,-0.4601430916550094,-0.14089474876089617,-0.8893093893540462,0.5877195295366778,1.9960229582907656,1.8067735780702432,6295.0,Low
20,-0.6700628511410116,-1.2814001728824675,chevrolet,gas,std,,sedan,fwd,front,94.5,-1.2498601025817215,-1.0892631512948117,-0.7217299910917877,-1.2500884568483637,ohc,,-0.887567545868594,2bbl,-1.1104798768203235,-0.4601430916550094,-0.14089474876089617,-0.8893093893540462,0.5877195295366778,1.9960229582907656,1.8067735780702432,6575.0,Low
21,0.12687580613320937,-0.12501465101292367,dodge,gas,std,,hatchback,fwd,front,93.7,-1.3715918576303032,-0.9940917131682077,-1.2119616831541355,-1.3138816306772234,ohc,,-0.887567545868594,2bbl,-1.3320509798590832,-0.0842694673728926,-0.1883358566358618,-0.9425662561856608,0.7958266227356086,1.8403378148618001,1.5133097484200462,5572.0,Low
22,0.12687580613320937,-0.12501465101292367,dodge,gas,std,,hatchback,fwd,front,93.7,-1.3715918576303032,-0.9940917131682077,-1.2119616831541355,-1.3138816306772234,ohc,,-0.887567545868594,2bbl,-1.3320509798590832,-0.0842694673728926,-0.19083275705033362,-0.9425662561856608,0.7958266227356086,0.9062269542880077,1.0731140039447504,6377.0,Low
23,0.12687580613320937,-0.12501465101292367,dodge,gas,turbo,,hatchback,fwd,front,93.7,-1.3715918576303032,-0.9940917131682077,-1.2119616831541355,-0.8267337578022941,ohc,,-0.6950137663547382,mpfi,-1.1104798768203235,0.41689536500326313,-0.6402748316552727,-0.0371995200482131,0.7958266227356086,-0.18356904971475022,-0.10074131465603804,7957.0,Low
24,0.12687580613320937,0.8125952315840039,dodge,gas,std,,hatchback,fwd,front,93.7,-1.3715918576303032,-0.9940917131682077,-1.293666965164525,-1.1379671210279434,ohc,,-0.887567545868594,2bbl,-1.3320509798590832,-0.0842694673728926,-0.19083275705033362,-0.9425662561856608,0.7958266227356086,0.9062269542880077,1.0731140039447504,6229.0,Low
25,0.12687580613320937,0.8125952315840039,dodge,gas,std,,sedan,fwd,front,93.7,-1.3715918576303032,-0.9940917131682077,-1.293666965164525,-1.0954383384753703,ohc,,-0.887567545868594,2bbl,-1.3320509798590832,-0.0842694673728926,-0.19083275705033362,-0.9425662561856608,0.7958266227356086,0.9062269542880077,1.0731140039447504,6692.0,Low
26,0.12687580613320937,0.8125952315840039,dodge,gas,std,,sedan,fwd,front,93.7,-1.3715918576303032,-0.9940917131682077,-1.293666965164525,-1.0954383384753703,ohc,,-0.887567545868594,2bbl,-1.3320509798590832,-0.0842694673728926,-0.19083275705033362,-0.9425662561856608,0.7958266227356086,0.9062269542880077,1.0731140039447504,7609.0,Low
27,0.12687580613320937,0.8125952315840039,dodge,gas,turbo,,sedan,fwd,front,93.7,-1.3715918576303032,-0.9940917131682077,-1.293666965164525,-0.7049467895835617,ohc,,-0.6950137663547382,mpfi,-1.1104798768203235,0.41689536500326313,-0.6402748316552727,-0.0371995200482131,0.7958266227356086,-0.18356904971475022,-0.10074131465603804,8558.0,Low
28,-1.4670015084152326,-0.375043953038771,dodge,gas,std,,wagon,fwd,front,103.3,0.032381050596670166,-0.6134059606617845,2.464776007313464,-0.03995128057968969,ohc,,-0.11735242781317085,2bbl,0.034304155546610184,0.6361549791678306,-0.41555379435280315,-0.40999758786951507,-0.24470884325904493,-0.18356904971475022,-0.10074131465603804,8921.0,Low
29,1.7207531206816515,0.7188342433243111,dodge,gas,turbo,,hatchback,fwd,front,95.9,-0.08123525411533981,0.19555126341436888,-1.4570775291853064,0.49359162780713783,ohc,,0.7010011351207163,mfi,0.99444560204791,2.0143582682022574,-0.7900888565235855,1.1078231168315,-0.24470884325904493,-0.9619947668595773,-0.9811328036066295,12964.0,Low
30,0.9238144634074305,0.4688049412984638,honda,gas,std,,hatchback,fwd,front,86.6,-2.4022540503749625,-0.9465059941049039,-1.2119616831541355,-1.6289812468621978,ohc,,-0.83942910099013,1bbl,-1.5536220828978446,0.4795409690502826,-0.14089474876089617,-1.2088505903437337,-0.6609230296569063,3.708559536009385,3.4208246411463272,6479.0,Low
31,0.9238144634074305,0.4688049412984638,honda,gas,std,,hatchback,fwd,front,86.6,-2.4022540503749625,-0.9465059941049039,-1.2119616831541355,-1.4240698400179814,ohc,,-0.83942910099013,1bbl,-1.5536220828978446,0.4795409690502826,-0.24077076533977154,-0.7295387888592025,1.8363620887302619,0.9062269542880077,1.0731140039447504,6855.0,Low
32,0.12687580613320937,-0.6563269178178492,honda,gas,std,,hatchback,fwd,front,93.7,-1.964019732200068,-0.8989202750416002,-0.47661414506061384,-1.3892735633840578,ohc,,-1.1523289927001457,1bbl,-1.5536220828978446,-0.5854342997490484,-0.01604972803730203,-1.155593723512119,0.7958266227356086,1.9960229582907656,1.6600416632451447,5399.0,Low
33,0.12687580613320937,-0.6563269178178492,honda,gas,std,,hatchback,fwd,front,93.7,-1.964019732200068,-0.8989202750416002,-0.47661414506061384,-1.1901615359788287,ohc,,-0.83942910099013,1bbl,-1.5536220828978446,0.4795409690502826,-0.24077076533977154,-0.7295387888592025,1.8363620887302619,0.7505418108590423,0.4861863446443562,6529.0,Low
34,0.12687580613320937,-0.6563269178178492,honda,gas,std,,hatchback,fwd,front,93.7,-1.964019732200068,-0.8989202750416002,-0.47661414506061384,-1.15923151230423,ohc,,-0.83942910099013,1bbl,-1.5536220828978446,0.4795409690502826,-0.24077076533977154,-0.7295387888592025,1.8363620887302619,0.7505418108590423,0.4861863446443562,7129.0,Low
35,-0.6700628511410116,-0.375043953038771,honda,gas,std,,sedan,fwd,front,96.5,-0.8765493870994051,-0.8989202750416002,0.2995860340381011,-1.0548426824024595,ohc,,-0.83942910099013,1bbl,-1.5536220828978446,0.4795409690502826,-0.24077076533977154,-0.7295387888592025,1.8363620887302619,0.7505418108590423,0.4861863446443562,7295.0,Low
36,-0.6700628511410116,-1.3751611611421604,honda,gas,std,,wagon,fwd,front,96.5,-1.3878227583034488,-0.9465059941049039,1.8519863922355309,-1.0277789116871856,ohc,,-0.83942910099013,1bbl,-1.5166935657247187,0.4795409690502826,-0.24077076533977154,-0.7295387888592025,1.8363620887302619,0.7505418108590423,0.4861863446443562,7295.0,Low
37,-0.6700628511410116,-0.5000586040516947,honda,gas,std,,hatchback,fwd,front,96.5,-0.5438159232999491,-0.3278916462819621,-0.19064565802424668,-0.6179560979987528,ohc,,-0.40618309708395456,1bbl,-0.6673376707428004,1.0120286034499473,-0.290708773629209,-0.46325445470112964,1.4201479023324006,0.28348638057214604,0.33945442981925766,7895.0,Low
38,-0.6700628511410116,-0.5000586040516947,honda,gas,std,,hatchback,fwd,front,96.5,-0.5438159232999491,-0.3278916462819621,-0.19064565802424668,-0.5155003945766446,ohc,,-0.40618309708395456,1bbl,-0.6673376707428004,1.0120286034499473,-0.290708773629209,-0.46325445470112964,1.4201479023324006,0.28348638057214604,0.33945442981925766,9095.0,Low
39,-0.6700628511410116,-1.156385521869544,honda,gas,std,,sedan,fwd,front,96.5,0.09730465328924796,-0.3278916462819621,0.13617547001731947,-0.4865034973817084,ohc,,-0.40618309708395456,1bbl,-0.6673376707428004,1.0120286034499473,-0.290708773629209,-0.46325445470112964,1.4201479023324006,0.28348638057214604,0.33945442981925766,8845.0,Low
40,-0.6700628511410116,-1.156385521869544,honda,gas,std,,sedan,fwd,front,96.5,0.09730465328924796,-1.612706060991146,0.13617547001731947,-0.3550508967646639,ohc,,-0.40618309708395456,1bbl,-0.6673376707428004,1.0120286034499473,-0.290708773629209,-0.46325445470112964,1.4201479023324006,0.28348638057214604,0.33945442981925766,10295.0,Low
41,-0.6700628511410116,-1.156385521869544,honda,gas,std,,sedan,fwd,front,96.5,0.09730465328924796,-0.3278916462819621,0.13617547001731947,-0.175270134156059,ohc,,-0.40618309708395456,mpfi,-0.6673376707428004,1.0120286034499473,-0.290708773629209,-0.06382795346402038,1.4201479023324006,-0.18356904971475022,-0.39420514430623516,12945.0,Low
42,0.12687580613320937,-0.4688049412984638,honda,gas,std,,sedan,fwd,front,96.5,-0.41396871791479584,0.05279410622446104,-1.1302564011437433,-0.5077678886579949,ohc,,-0.40618309708395456,2bbl,-0.6673376707428004,1.0120286034499473,-0.2657397694844903,-0.09045638687982767,0.7958266227356086,-0.02788390628578479,0.045990600169060515,10345.0,Low
43,-0.6700628511410116,0.0,isuzu,gas,std,,sedan,rwd,front,94.3,-0.2841215125296425,-1.9458060944342688,-0.10894037601385442,-0.42271032355284854,ohc,,-0.3821138746447226,2bbl,-0.07648139597276975,-0.0842694673728926,-0.41555379435280315,-0.676281922027588,-0.6609230296569063,-0.18356904971475022,-0.24747322948113662,6785.0,Low
46,0.9238144634074305,0.0,isuzu,gas,std,,hatchback,rwd,front,96.0,-0.129927956134772,-0.3278916462819621,-0.9668458371229616,0.3447408888731316,ohc,,-0.18956009513086677,spfi,0.36666081010475327,-0.0842694673728926,-0.24077076533977154,-0.3567407210379005,-0.24470884325904493,-0.18356904971475022,-0.24747322948113662,11048.0,Low
47,-0.6700628511410116,0.7188342433243111,jaguar,gas,std,,sedan,rwd,front,113.0,2.0612436347396974,1.7658799925033686,-0.39490886305022443,2.919665359783473,dohc,,3.156061823922377,mpfi,1.1052311535672898,2.8600739228370196,-0.5154298109316785,1.933304552721526,-0.7649765762563716,-1.584735340575439,-1.7147923777321221,32250.0,High
48,-0.6700628511410116,0.0,jaguar,gas,std,,sedan,rwd,front,113.0,2.0612436347396974,1.7658799925033686,-0.39490886305022443,2.919665359783473,dohc,,3.156061823922377,mpfi,1.1052311535672898,2.8600739228370196,-0.5154298109316785,1.933304552721526,-0.7649765762563716,-1.584735340575439,-1.7147923777321221,35550.0,High
49,-0.6700628511410116,0.0,jaguar,gas,std,,sedan,rwd,front,102.0,1.4201230581505002,2.241737183136399,-2.437540913310002,2.6954226881426324,ohcv,,4.792768949790151,mpfi,0.7728744990091485,-1.5564411624778494,0.33351632998876163,4.223349826480953,-0.24470884325904493,-1.8961056274333696,-2.008256207382319,36000.0,High
50,0.12687580613320937,-0.5625659295581565,mazda,gas,std,,hatchback,fwd,front,93.1,-1.2255137515720067,-0.8037488369149927,0.13617547001731947,-1.2868178599619498,ohc,,-0.8634983234293621,2bbl,-1.1104798768203235,-0.33485188356097045,-0.290708773629209,-0.9425662561856608,-0.24470884325904493,0.7505418108590423,0.045990600169060515,5195.0,Low
51,0.12687580613320937,-0.5625659295581565,mazda,gas,std,,hatchback,fwd,front,93.1,-1.2255137515720067,-0.8037488369149927,0.13617547001731947,-1.2674865951653256,ohc,,-0.8634983234293621,2bbl,-1.1104798768203235,-0.33485188356097045,-0.290708773629209,-0.9425662561856608,-0.24470884325904493,0.9062269542880077,1.0731140039447504,6095.0,Low
52,0.12687580613320937,-0.5625659295581565,mazda,gas,std,,hatchback,fwd,front,93.1,-1.2255137515720067,-0.8037488369149927,0.13617547001731947,-1.2578209627670134,ohc,,-0.8634983234293621,2bbl,-1.1104798768203235,-0.33485188356097045,-0.290708773629209,-0.9425662561856608,-0.24470884325904493,0.9062269542880077,1.0731140039447504,6795.0,Low
53,0.12687580613320937,-0.28128296477907827,mazda,gas,std,,sedan,fwd,front,93.1,-0.6006240756559529,-0.8037488369149927,0.13617547001731947,-1.1804959035805167,ohc,,-0.8634983234293621,2bbl,-1.1104798768203235,-0.33485188356097045,-0.290708773629209,-0.9425662561856608,-0.24470884325904493,0.9062269542880077,1.0731140039447504,6695.0,Low
54,0.12687580613320937,-0.28128296477907827,mazda,gas,std,,sedan,fwd,front,93.1,-0.6006240756559529,-0.8037488369149927,0.13617547001731947,-1.1708302711822045,ohc,,-0.8634983234293621,2bbl,-0.925837290954688,-0.33485188356097045,-0.290708773629209,-0.9425662561856608,-0.24470884325904493,0.9062269542880077,1.0731140039447504,7395.0,Low
55,1.7207531206816515,0.8751025570904657,mazda,gas,std,,hatchback,rwd,front,95.3,-0.42208416825136746,-0.0899630509654468,-1.7021933752164804,-0.3395858849273646,rotor,,-1.3689519946532336,4bbl,5.410223876345941e-16,1.5328967649646832e-15,-0.19083275705033362,-0.06382795346402038,1.8363620887302619,-1.273365053717508,-1.127864718431728,10945.0,Low
56,1.7207531206816515,0.8751025570904657,mazda,gas,std,,hatchback,rwd,front,95.3,-0.42208416825136746,-0.0899630509654468,-1.7021933752164804,-0.3395858849273646,rotor,,-1.3689519946532336,4bbl,5.410223876345941e-16,1.5328967649646832e-15,-0.19083275705033362,-0.06382795346402038,1.8363620887302619,-1.273365053717508,-1.127864718431728,11845.0,Low
57,1.7207531206816515,0.8751025570904657,mazda,gas,std,,hatchback,rwd,front,95.3,-0.42208416825136746,-0.0899630509654468,-1.7021933752164804,-0.3299202525290525,rotor,,-1.3689519946532336,4bbl,5.410223876345941e-16,1.5328967649646832e-15,-0.19083275705033362,-0.06382795346402038,1.8363620887302619,-1.273365053717508,-1.127864718431728,13645.0,Low
58,1.7207531206816515,0.8751025570904657,mazda,gas,std,,hatchback,rwd,front,95.3,-0.42208416825136746,-0.0899630509654468,-1.7021933752164804,-0.10761070736787434,rotor,,-1.1282597702609138,mpfi,5.410223876345941e-16,1.5328967649646832e-15,-0.19083275705033362,0.8415387826734273,1.8363620887302619,-1.4290501971464735,-1.127864718431728,15645.0,Low
59,0.12687580613320937,0.21877563927261642,mazda,gas,std,,hatchback,fwd,front,98.8,0.29207546136697904,0.29072270154097635,-0.027235094003462152,-0.3299202525290525,ohc,,-0.11735242781317085,2bbl,0.2189467414122456,0.41689536500326313,-0.3905847902080844,-0.5165113215327443,-0.6609230296569063,0.12780123714318062,0.19272251499415907,8845.0,Low
60,-0.6700628511410116,-0.21877563927261642,mazda,gas,std,,sedan,fwd,front,98.8,0.29207546136697904,0.29072270154097635,0.7081124440900566,-0.281592090537492,ohc,,-0.11735242781317085,2bbl,0.2189467414122456,0.41689536500326313,-0.3905847902080844,-0.5165113215327443,-0.6609230296569063,0.12780123714318062,0.19272251499415907,8495.0,Low
61,0.12687580613320937,0.21877563927261642,mazda,gas,std,,hatchback,fwd,front,98.8,0.29207546136697904,0.29072270154097635,-0.027235094003462152,-0.3299202525290525,ohc,,-0.11735242781317085,2bbl,0.2189467414122456,0.41689536500326313,-0.3905847902080844,-0.5165113215327443,-0.6609230296569063,0.12780123714318062,0.19272251499415907,10595.0,Low
62,-0.6700628511410116,-0.21877563927261642,mazda,gas,std,,sedan,fwd,front,98.8,0.29207546136697904,0.29072270154097635,0.7081124440900566,-0.281592090537492,ohc,,-0.11735242781317085,2bbl,0.2189467414122456,0.41689536500326313,-0.3905847902080844,-0.5165113215327443,-0.6609230296569063,0.12780123714318062,0.19272251499415907,10245.0,Low
63,-0.6700628511410116,0.0,mazda,diesel,std,,sedan,fwd,front,98.8,0.29207546136697904,0.29072270154097635,0.7081124440900566,-0.2177989167086322,ohc,,-0.11735242781317085,idi,0.2189467414122456,0.41689536500326313,3.13004479419727,-1.0490799898488898,-0.9730836694553023,1.6846526714328347,1.6600416632451447,10795.0,Low
64,-0.6700628511410116,-0.21877563927261642,mazda,gas,std,,hatchback,fwd,front,98.8,0.29207546136697904,0.29072270154097635,0.7081124440900566,-0.25259519334255576,ohc,,-0.11735242781317085,2bbl,0.2189467414122456,0.41689536500326313,-0.3905847902080844,-0.5165113215327443,-0.6609230296569063,0.12780123714318062,0.19272251499415907,11245.0,Low
65,-0.6700628511410116,-0.12501465101292367,mazda,gas,std,,sedan,rwd,front,104.9,0.06484285194295906,0.10037982528776139,0.258733393032905,0.22102079417473683,ohc,,0.31589357609300467,mpfi,1.585301876817939,-0.30352908153746005,-0.5403988150763973,0.44211228143631803,-0.24470884325904493,-0.9619947668595773,-0.5409370591313337,18280.0,Low
66,-0.6700628511410116,0.0,mazda,diesel,std,,sedan,rwd,front,104.9,0.06484285194295906,0.10037982528776139,0.258733393032905,0.27901458856460937,ohc,,0.17147824145761284,idi,0.36666081010475327,1.1999654155910058,2.9552617651842383,-0.8360525225224317,-1.9095655888504903,0.9062269542880077,1.219845918769849,18344.0,Low
67,-1.4670015084152326,-0.9063562198436966,mercedes-benz,diesel,turbo,,sedan,rwd,front,110.0,1.3551994554579248,2.0989800259464912,1.1166388541420122,1.8545126694894805,ohc,,1.3508701409799795,idi,0.9205885677016562,1.1999654155910058,2.8304167444606443,0.5219975816837399,-1.5974049490520943,-0.494939336572681,-0.8344008887815308,25552.0,Medium
68,-1.4670015084152326,-0.9063562198436966,mercedes-benz,diesel,turbo,,wagon,rwd,front,110.0,1.3551994554579248,2.0989800259464912,2.0153969562563154,2.308797392210149,ohc,,1.3508701409799795,idi,0.9205885677016562,1.1999654155910058,2.8304167444606443,0.5219975816837399,-1.5974049490520943,-0.494939336572681,-0.8344008887815308,28248.0,Medium
69,-0.6700628511410116,-0.9063562198436966,mercedes-benz,diesel,turbo,,hardtop,rwd,front,106.7,1.0792741440144726,2.0989800259464912,0.4629965980588827,1.8158501398962321,ohc,,1.3508701409799795,idi,0.9205885677016562,1.1999654155910058,2.8304167444606443,0.5219975816837399,-1.5974049490520943,-0.494939336572681,-0.8344008887815308,28176.0,Medium
70,-1.4670015084152326,-0.9063562198436966,mercedes-benz,diesel,turbo,,sedan,rwd,front,115.6,2.304707144836861,2.765180092832737,1.03493357213162,2.3474599218033974,ohc,,1.3508701409799795,idi,0.9205885677016562,1.1999654155910058,2.8304167444606443,0.5219975816837399,-1.5974049490520943,-0.494939336572681,-0.8344008887815308,31600.0,Medium
71,-1.4670015084152326,0.0,mercedes-benz,gas,std,,sedan,rwd,front,115.6,2.304707144836861,2.765180092832737,1.1166388541420122,2.2894661274135246,ohcv,,2.57840048538081,mpfi,0.4774463616241332,-0.49146589367851845,-0.4654918026422406,1.374107450989573,-0.7649765762563716,-1.4290501971464735,-1.8615242925572208,34184.0,High
72,1.7207531206816515,0.6250732550646184,mercedes-benz,gas,std,,convertible,rwd,front,96.6,0.49496171978128173,2.194151464073099,-1.2119616831541355,2.1831441710320916,ohcv,,2.57840048538081,mpfi,0.4774463616241332,-0.49146589367851845,-0.4654918026422406,1.374107450989573,-0.7649765762563716,-1.4290501971464735,-1.8615242925572208,35056.0,High
73,-0.6700628511410116,0.0,mercedes-benz,gas,std,,sedan,rwd,front,120.9,2.7510569133483265,2.765180092832737,1.1983441361524043,2.598766364159512,ohcv,,4.359522945883976,mpfi,1.7330159455104466,0.2916041569092242,-0.5403988150763973,2.1463320200479843,-1.2852443092536983,-1.7404204840044044,-2.154988122207418,40960.0,High
74,0.12687580613320937,0.0,mercedes-benz,gas,std,,hardtop,rwd,front,112.0,2.0287818333934085,2.907937250022645,0.6672598030848605,2.2411379654219643,ohcv,,4.263246056127048,mpfi,1.7330159455104466,0.2916041569092242,-0.5403988150763973,2.1463320200479843,-1.2852443092536983,-1.7404204840044044,-2.154988122207418,45400.0,High
75,0.12687580613320937,0.0,mercury,gas,turbo,,hatchback,rwd,front,102.7,0.3407681633864112,1.0045084874905224,0.4221439570536866,0.6849711492937173,ohc,,0.31589357609300467,mpfi,1.659158911164193,-0.428820289631499,-0.5403988150763973,1.9066761193057187,-0.24470884325904493,-0.9619947668595773,-0.9811328036066295,16503.0,Low
76,0.9238144634074305,1.218892847376006,mitsubishi,gas,std,,hatchback,fwd,front,93.7,-1.3715918576303032,-0.7085773987883852,-1.2119616831541355,-1.232690318531402,ohc,,-0.83942910099013,2bbl,-1.3320509798590832,-0.0842694673728926,-0.19083275705033362,-0.9425662561856608,0.7958266227356086,1.8403378148618001,1.5133097484200462,5389.0,Low
77,0.9238144634074305,1.218892847376006,mitsubishi,gas,std,,hatchback,fwd,front,93.7,-1.3715918576303032,-0.7085773987883852,-1.2119616831541355,-1.182429030060179,ohc,,-0.83942910099013,2bbl,-1.3320509798590832,-0.0842694673728926,-0.19083275705033362,-0.9425662561856608,0.7958266227356086,0.9062269542880077,1.0731140039447504,6189.0,Low
78,0.9238144634074305,1.218892847376006,mitsubishi,gas,std,,hatchback,fwd,front,93.7,-1.3715918576303032,-0.7085773987883852,-1.2119616831541355,-1.066441441280434,ohc,,-0.83942910099013,2bbl,-1.3320509798590832,-0.0842694673728926,-0.19083275705033362,-0.9425662561856608,0.7958266227356086,0.9062269542880077,1.0731140039447504,6669.0,Low
79,0.12687580613320937,1.218892847376006,mitsubishi,gas,turbo,,hatchback,fwd,front,93.0,-1.3715918576303032,-0.9940917131682077,-1.2119616831541355,-0.793870607648033,ohc,,-0.6950137663547382,spdi,-1.1104798768203235,0.41689536500326313,-0.6402748316552727,-0.0371995200482131,0.7958266227356086,-0.18356904971475022,-0.10074131465603804,7689.0,Low
80,1.7207531206816515,0.9688635453501585,mitsubishi,gas,turbo,,hatchback,fwd,front,96.3,-0.09746615478848311,-0.23272020815535463,-1.7838986572268727,-0.35891714972398875,ohc,,-0.40618309708395456,spdi,-0.5934806363965466,0.6361549791678306,-0.6652438357999914,0.3355985477730889,0.7958266227356086,-0.33925419314371563,-0.10074131465603804,9959.0,Low
81,1.7207531206816515,0.9688635453501585,mitsubishi,gas,std,,hatchback,fwd,front,96.3,-0.09746615478848311,-0.23272020815535463,-1.7838986572268727,-0.44010846186981034,ohc,,-0.11735242781317085,2bbl,0.07123267271973792,0.6361549791678306,-0.41555379435280315,-0.40999758786951507,-0.24470884325904493,-0.02788390628578479,0.19272251499415907,8499.0,Low
82,1.7207531206816515,0.0,mitsubishi,gas,turbo,,hatchback,fwd,front,95.9,-0.08123525411533981,0.19555126341436888,-1.4570775291853064,0.536120410359711,ohc,,0.7010011351207163,spdi,0.9205885677016562,1.8890670601082185,-0.7900888565235855,1.1078231168315,-0.24470884325904493,-0.9619947668595773,-0.9811328036066295,12629.0,Low
83,1.7207531206816515,0.0,mitsubishi,gas,turbo,,hatchback,fwd,front,95.9,-0.08123525411533981,0.19555126341436888,-1.4570775291853064,0.7062355405700039,ohc,,0.7010011351207163,spdi,0.9575170848747823,1.8890670601082185,-0.7900888565235855,1.1078231168315,-0.24470884325904493,-0.9619947668595773,-0.9811328036066295,14869.0,Low
84,1.7207531206816515,0.0,mitsubishi,gas,turbo,,hatchback,fwd,front,95.9,-0.08123525411533981,0.19555126341436888,-1.4570775291853064,0.715901172968316,ohc,,0.7010011351207163,spdi,0.9575170848747823,1.8890670601082185,-0.7900888565235855,1.1078231168315,-0.24470884325904493,-0.9619947668595773,-0.9811328036066295,14489.0,Low
85,0.12687580613320937,0.09376098825969276,mitsubishi,gas,std,,sedan,fwd,front,96.3,-0.1461588568079153,-0.23272020815535463,-0.8851405551125693,-0.36858278212230083,ohc,,-0.11735242781317085,2bbl,0.07123267271973792,0.6361549791678306,-0.41555379435280315,-0.40999758786951507,-0.24470884325904493,-0.02788390628578479,0.19272251499415907,6989.0,Low
86,0.12687580613320937,0.09376098825969276,mitsubishi,gas,std,,sedan,fwd,front,96.3,-0.1461588568079153,-0.23272020815535463,-0.8851405551125693,-0.2912577229358041,ohc,,-0.11735242781317085,2bbl,0.07123267271973792,0.6361549791678306,-0.41555379435280315,-0.40999758786951507,-0.24470884325904493,-0.02788390628578479,0.19272251499415907,8189.0,Low
87,0.12687580613320937,0.09376098825969276,mitsubishi,gas,turbo,,sedan,fwd,front,96.3,-0.1461588568079153,-0.23272020815535463,-0.8851405551125693,-0.29512397589512895,ohc,,-0.40618309708395456,spdi,-0.5934806363965466,0.6361549791678306,-0.6652438357999914,0.3355985477730889,0.7958266227356086,-0.33925419314371563,-0.10074131465603804,9279.0,Low
88,-1.4670015084152326,0.4688049412984638,mitsubishi,gas,std,,sedan,fwd,front,96.3,-0.1461588568079153,-0.23272020815535463,-0.8851405551125693,-0.29512397589512895,ohc,,-0.40618309708395456,spdi,-0.5934806363965466,0.6361549791678306,-0.6652438357999914,0.3355985477730889,0.7958266227356086,-0.33925419314371563,-0.10074131465603804,9279.0,Low
89,0.12687580613320937,0.1875219765193855,nissan,gas,std,,sedan,fwd,front,94.5,-0.7223558307045346,-0.9940917131682077,0.2995860340381011,-1.288750986441612,ohc,,-0.7190829887939701,2bbl,-0.6673376707428004,0.10366734476816579,-0.19083275705033362,-0.9159378227698535,0.17150534313881646,0.9062269542880077,0.9263820891196519,5499.0,Low
90,0.12687580613320937,0.1875219765193855,nissan,diesel,std,,sedan,fwd,front,94.5,-0.7223558307045346,-0.9940917131682077,0.2995860340381011,-1.0413107970448225,ohc,,-0.5746676541585783,idi,-1.2581939455128295,0.6674777811913409,2.930292761039519,-1.2887358905911555,-0.6609230296569063,3.0858189622935233,2.833896981845933,7099.0,Low
91,0.12687580613320937,0.1875219765193855,nissan,gas,std,,sedan,fwd,front,94.5,-0.7223558307045346,-0.9940917131682077,0.2995860340381011,-1.232690318531402,ohc,,-0.7190829887939701,2bbl,-0.6673376707428004,0.10366734476816579,-0.19083275705033362,-0.9159378227698535,0.17150534313881646,0.9062269542880077,0.9263820891196519,6649.0,Low
92,0.12687580613320937,0.0,nissan,gas,std,,sedan,fwd,front,94.5,-0.7223558307045346,-0.9940917131682077,0.2995860340381011,-1.1940277889381536,ohc,,-0.7190829887939701,2bbl,-0.6673376707428004,0.10366734476816579,-0.19083275705033362,-0.9159378227698535,0.17150534313881646,0.9062269542880077,0.9263820891196519,6849.0,Low
93,0.12687580613320937,-0.5938195923113875,nissan,gas,std,,wagon,fwd,front,94.5,-0.3246987642125031,-0.9940917131682077,-0.10894037601385442,-1.0277789116871856,ohc,,-0.7190829887939701,2bbl,-0.6673376707428004,0.10366734476816579,-0.19083275705033362,-0.9159378227698535,0.17150534313881646,0.9062269542880077,0.9263820891196519,7349.0,Low
94,0.12687580613320937,0.1875219765193855,nissan,gas,std,,sedan,fwd,front,94.5,-0.7223558307045346,-0.9940917131682077,0.2995860340381011,-1.168897144702542,ohc,,-0.7190829887939701,2bbl,-0.6673376707428004,0.10366734476816579,-0.19083275705033362,-0.9159378227698535,0.17150534313881646,0.9062269542880077,0.9263820891196519,7299.0,Low
95,0.12687580613320937,0.1875219765193855,nissan,gas,std,,hatchback,fwd,front,94.5,-0.6980094796948196,-0.9940917131682077,-0.19064565802424668,-1.020046405768536,ohc,,-0.7190829887939701,2bbl,-0.6673376707428004,0.10366734476816579,-0.19083275705033362,-0.9159378227698535,0.17150534313881646,0.9062269542880077,0.9263820891196519,7799.0,Low
96,0.12687580613320937,0.0,nissan,gas,std,,sedan,fwd,front,94.5,-0.7223558307045346,-0.9940917131682077,0.2995860340381011,-1.1302346151092937,ohc,,-0.7190829887939701,2bbl,-0.6673376707428004,0.10366734476816579,-0.19083275705033362,-0.9159378227698535,0.17150534313881646,0.9062269542880077,0.9263820891196519,7499.0,Low
97,0.12687580613320937,-0.5938195923113875,nissan,gas,std,,wagon,fwd,front,94.5,-0.3246987642125031,-0.9940917131682077,-0.10894037601385442,-1.0026482674515742,ohc,,-0.7190829887939701,2bbl,-0.6673376707428004,0.10366734476816579,-0.19083275705033362,-0.9159378227698535,0.17150534313881646,0.9062269542880077,0.9263820891196519,7999.0,Low
98,0.9238144634074305,1.4376684866486222,nissan,gas,std,,hardtop,fwd,front,95.1,-0.9577038904651262,-0.9940917131682077,-0.19064565802424668,-1.0587089353617842,ohc,,-0.7190829887939701,2bbl,-0.6673376707428004,0.10366734476816579,-0.19083275705033362,-0.9159378227698535,0.17150534313881646,0.9062269542880077,0.9263820891196519,8249.0,Low
99,-0.6700628511410116,-0.5000586040516947,nissan,gas,std,,hatchback,fwd,front,97.2,-0.06500435344219421,-0.3278916462819621,0.38129131604849337,-0.44784096778846,ohc,,-0.1654908726916348,2bbl,-0.0026243616265159094,0.6674777811913409,-0.41555379435280315,-0.1703416871272495,0.17150534313881646,0.28348638057214604,0.4861863446443562,8949.0,Low
100,-0.6700628511410116,-0.5000586040516947,nissan,gas,std,,sedan,fwd,front,97.2,-0.06500435344219421,-0.3278916462819621,0.38129131604849337,-0.4903697503410332,ohc,,-0.1654908726916348,2bbl,-0.0026243616265159094,0.6674777811913409,-0.41555379435280315,-0.1703416871272495,0.17150534313881646,0.28348638057214604,0.4861863446443562,9549.0,Low
101,-0.6700628511410116,0.1875219765193855,nissan,gas,std,,sedan,fwd,front,100.4,0.6085780244932895,0.29072270154097635,0.544701880069275,1.0425995480312646,ohcv,,1.3027316961015156,mpfi,0.36666081010475327,0.041021740721146324,-0.290708773629209,1.2942221507421512,0.17150534313881646,-1.273365053717508,-1.2745966332568266,13499.0,Low
102,-0.6700628511410116,-0.43755127854523285,nissan,gas,std,,wagon,fwd,front,100.4,0.843926084253881,0.29072270154097635,0.9532282901212306,1.4311579704434108,ohcv,,1.3027316961015156,mpfi,0.36666081010475327,0.041021740721146324,-0.290708773629209,1.2942221507421512,0.17150534313881646,-1.273365053717508,-1.2745966332568266,14399.0,Low
103,-0.6700628511410116,-0.43755127854523285,nissan,gas,std,,sedan,fwd,front,100.4,0.843926084253881,0.29072270154097635,0.544701880069275,0.97494012124308,ohcv,,1.3027316961015156,mpfi,0.36666081010475327,0.041021740721146324,-0.290708773629209,1.2942221507421512,0.17150534313881646,-0.9619947668595773,-0.8344008887815308,13499.0,Low
104,1.7207531206816515,2.250263718232626,nissan,gas,std,,hatchback,rwd,front,91.3,-0.2841215125296425,0.9569227684272219,-1.6613407342112843,0.9962045125193667,ohcv,,1.3027316961015156,mpfi,0.36666081010475327,0.041021740721146324,-0.290708773629209,1.5072496180686095,0.17150534313881646,-0.9619947668595773,-0.8344008887815308,17199.0,Low
105,1.7207531206816515,2.250263718232626,nissan,gas,turbo,,hatchback,rwd,front,91.3,-0.2841215125296425,0.9569227684272219,-1.6613407342112843,1.127657113136411,ohcv,,1.3027316961015156,mpfi,0.36666081010475327,0.041021740721146324,-0.5903368233658349,2.572386954700901,0.17150534313881646,-1.273365053717508,-1.127864718431728,19699.0,Medium
106,0.12687580613320937,3.40664924010217,nissan,gas,std,,hatchback,rwd,front,99.2,0.3488836137229829,0.9569227684272219,-1.6613407342112843,1.127657113136411,ohcv,,1.3027316961015156,mpfi,0.36666081010475327,0.041021740721146324,-0.290708773629209,1.5072496180686095,0.17150534313881646,-0.9619947668595773,-0.8344008887815308,18399.0,Low
107,-0.6700628511410116,1.218892847376006,peugot,gas,std,,sedan,rwd,front,107.9,1.014350541321895,1.1948513637437372,1.1983441361524043,0.8976150620565833,l,,-0.1654908726916348,mpfi,0.4774463616241332,-0.20956067546693155,-0.44052279849752185,-0.1703416871272495,-0.24470884325904493,-0.9619947668595773,-0.9811328036066295,11900.0,Low
108,-0.6700628511410116,1.218892847376006,peugot,diesel,turbo,,sedan,rwd,front,107.9,1.014350541321895,1.1948513637437372,1.1983441361524043,1.2397784489568313,l,,0.6047242453637883,idi,1.363730773779179,0.824091791308889,2.70557172373705,-0.2235985539588641,-2.013619135449956,0.4391715240011114,0.33945442981925766,13200.0,Low
109,-0.6700628511410116,0.0,peugot,gas,std,,wagon,rwd,front,114.2,2.0044354823836934,1.1948513637437372,2.0153969562563154,1.3035716227856913,l,,-0.1654908726916348,mpfi,0.4774463616241332,-0.20956067546693155,-0.44052279849752185,-0.1703416871272495,-0.24470884325904493,-0.9619947668595773,-0.9811328036066295,12440.0,Low
110,-0.6700628511410116,0.0,peugot,diesel,turbo,,wagon,rwd,front,114.2,2.0044354823836934,1.1948513637437372,2.0153969562563154,1.690196918718175,l,,0.6047242453637883,idi,1.363730773779179,0.824091791308889,2.70557172373705,-0.2235985539588641,-2.013619135449956,-0.02788390628578479,-0.8344008887815308,13860.0,Low
111,-0.6700628511410116,1.218892847376006,peugot,gas,std,,sedan,rwd,front,107.9,1.014350541321895,1.1948513637437372,1.1983441361524043,1.0039370184380163,l,,-0.1654908726916348,mpfi,0.4774463616241332,-3.341840877817902,-0.44052279849752185,-0.2235985539588641,-0.24470884325904493,-0.9619947668595773,-0.9811328036066295,15580.0,Low
112,-0.6700628511410116,1.218892847376006,peugot,diesel,turbo,,sedan,rwd,front,107.9,1.014350541321895,1.1948513637437372,1.1983441361524043,1.3461004053382644,l,,0.6047242453637883,idi,1.363730773779179,0.824091791308889,2.70557172373705,-0.2235985539588641,-2.013619135449956,0.4391715240011114,0.33945442981925766,16900.0,Low
113,-0.6700628511410116,0.0,peugot,gas,std,,wagon,rwd,front,114.2,2.0044354823836934,1.1948513637437372,1.1983441361524043,1.4098935791671243,l,,-0.1654908726916348,mpfi,0.4774463616241332,-3.341840877817902,-0.44052279849752185,-0.2235985539588641,-0.24470884325904493,-0.9619947668595773,-0.9811328036066295,16695.0,Low
114,-0.6700628511410116,0.0,peugot,diesel,turbo,,wagon,rwd,front,114.2,2.0044354823836934,1.1948513637437372,2.0153969562563154,1.796518875099608,l,,0.6047242453637883,idi,1.363730773779179,0.824091791308889,2.70557172373705,-0.2235985539588641,-2.013619135449956,-0.02788390628578479,-0.8344008887815308,17075.0,Low
115,-0.6700628511410116,1.218892847376006,peugot,gas,std,,sedan,rwd,front,107.9,1.014350541321895,1.1948513637437372,1.1983441361524043,1.0039370184380163,l,,-0.1654908726916348,mpfi,0.4774463616241332,-0.20956067546693155,-0.44052279849752185,-0.1703416871272495,-0.24470884325904493,-0.9619947668595773,-0.9811328036066295,16630.0,Low
116,-0.6700628511410116,1.218892847376006,peugot,diesel,turbo,,sedan,rwd,front,107.9,1.014350541321895,1.1948513637437372,1.1983441361524043,1.3461004053382644,l,,0.6047242453637883,idi,1.363730773779179,0.824091791308889,2.70557172373705,-0.2235985539588641,-2.013619135449956,0.4391715240011114,0.33945442981925766,17950.0,Low
117,-0.6700628511410116,1.218892847376006,peugot,gas,turbo,,sedan,rwd,front,108.0,1.014350541321895,1.1472656446804301,0.9123756491160344,1.1102589748194494,l,,0.17147824145761284,mpfi,1.0313741192210362,-0.14691507141991209,-0.7900888565235855,1.0279378165840782,1.0039337159345392,-1.1176799102885426,-0.9811328036066295,18150.0,Low
118,0.12687580613320937,-0.09376098825969276,plymouth,gas,std,,hatchback,fwd,front,93.7,-1.3715918576303032,-0.9940917131682077,-1.2119616831541355,-1.232690318531402,ohc,,-0.887567545868594,2bbl,-1.3320509798590832,-0.0842694673728926,-0.19083275705033362,-0.9425662561856608,0.7958266227356086,1.8403378148618001,1.5133097484200462,5572.0,Low
119,0.12687580613320937,-0.09376098825969276,plymouth,gas,turbo,,hatchback,fwd,front,93.7,-1.3715918576303032,-0.9940917131682077,-1.2119616831541355,-0.8267337578022941,ohc,,-0.6950137663547382,spdi,-1.1104798768203235,0.41689536500326313,-0.6402748316552727,-0.0371995200482131,0.7958266227356086,-0.18356904971475022,-0.10074131465603804,7957.0,Low
120,0.12687580613320937,1.0001172081033893,plymouth,gas,std,,hatchback,fwd,front,93.7,-1.3715918576303032,-0.9940917131682077,-1.293666965164525,-1.1379671210279434,ohc,,-0.887567545868594,2bbl,-1.3320509798590832,-0.0842694673728926,-0.19083275705033362,-0.9425662561856608,0.7958266227356086,0.9062269542880077,1.0731140039447504,6229.0,Low
121,0.12687580613320937,1.0001172081033893,plymouth,gas,std,,sedan,fwd,front,93.7,-0.5600468239730924,-0.9940917131682077,-1.2119616831541355,-1.0954383384753703,ohc,,-0.887567545868594,2bbl,-1.3320509798590832,-0.0842694673728926,-0.19083275705033362,-0.9425662561856608,0.7958266227356086,0.9062269542880077,1.0731140039447504,6692.0,Low
122,0.12687580613320937,1.0001172081033893,plymouth,gas,std,,sedan,fwd,front,93.7,-0.5600468239730924,-0.9940917131682077,-1.2119616831541355,-0.7049467895835617,ohc,,-0.6950137663547382,2bbl,-1.3320509798590832,-0.0842694673728926,-0.19083275705033362,-0.9425662561856608,0.7958266227356086,0.9062269542880077,1.0731140039447504,7609.0,Low
123,-1.4670015084152326,-1.500175812155084,plymouth,gas,std,,wagon,fwd,front,103.3,0.032381050596670166,-0.6134059606617845,2.464776007313464,-0.03995128057968969,ohc,,-0.11735242781317085,2bbl,0.07123267271973792,0.6361549791678306,-0.41555379435280315,-0.40999758786951507,-0.24470884325904493,-0.18356904971475022,-0.10074131465603804,8921.0,Low
124,1.7207531206816515,0.0,plymouth,gas,turbo,,hatchback,rwd,front,95.9,-0.08123525411533981,0.19555126341436888,-1.4570775291853064,0.5071235131647748,ohc,,0.7010011351207163,spdi,0.9575170848747823,1.8890670601082185,-0.7900888565235855,1.1078231168315,-0.24470884325904493,-0.9619947668595773,-0.9811328036066295,12764.0,Low
125,1.7207531206816515,2.0002344162067787,porsche,gas,std,,hatchback,rwd,front,94.5,-0.4301996185879391,1.1472656446804301,-1.4570775291853064,0.42979845397827804,ohc,,0.5806550229245564,mpfi,2.2500151859342234,-0.4601430916550094,-0.1658637529056149,1.0545662499998856,0.7958266227356086,-0.9619947668595773,-0.5409370591313337,22018.0,Medium
126,1.7207531206816515,0.0,porsche,gas,std,,hardtop,rwd,rear,89.5,-0.4301996185879391,-0.42306308440856955,-0.8851405551125693,0.3872696714257048,ohcf,,1.6156315878115313,mpfi,1.5114448424716869,-1.117921934148713,-0.1658637529056149,2.7587859886115518,1.6282549955313312,-1.273365053717508,-0.8344008887815308,32528.0,High
127,1.7207531206816515,0.0,porsche,gas,std,,hardtop,rwd,rear,89.5,-0.4301996185879391,-0.42306308440856955,-0.8851405551125693,0.3872696714257048,ohcf,,1.6156315878115313,mpfi,1.5114448424716869,-1.117921934148713,-0.1658637529056149,2.7587859886115518,1.6282549955313312,-1.273365053717508,-0.8344008887815308,34028.0,High
128,1.7207531206816515,0.0,porsche,gas,std,,convertible,rwd,rear,89.5,-0.4301996185879391,-0.42306308440856955,-0.8851405551125693,0.47232723653085124,ohcf,,1.6156315878115313,mpfi,1.5114448424716869,-1.117921934148713,-0.1658637529056149,2.7587859886115518,1.6282549955313312,-1.273365053717508,-0.8344008887815308,37028.0,High
130,-0.6700628511410116,0.0,renault,gas,std,,wagon,fwd,front,96.1,0.5923471238201461,0.29072270154097635,0.5855545210744711,0.04510628452545672,ohc,,0.12333979657914888,mpfi,0.4774463616241332,2.0143582682022574,-0.36561578606336564,7.141133022714575e-17,-7.855246324986033e-16,-0.33925419314371563,0.045990600169060515,9295.0,Low
131,0.9238144634074305,0.0,renault,gas,std,,hatchback,fwd,front,96.1,0.21092095800125793,0.3383084206042767,-1.334519606169721,-0.18493576655437108,ohc,,0.12333979657914888,mpfi,0.4774463616241332,2.0143582682022574,-0.36561578606336564,7.141133022714575e-17,-7.855246324986033e-16,-0.33925419314371563,0.045990600169060515,9895.0,Low
132,1.7207531206816515,0.8751025570904657,saab,gas,std,,hatchback,fwd,front,99.1,1.0062350909853233,0.29072270154097635,0.9532282901212306,0.1978232764187878,ohc,,-0.14142165025240283,mpfi,0.7728744990091485,-0.5854342997490484,-0.21330486078058053,0.1758279472782452,0.2755588897382818,-0.6506244800016464,-0.39420514430623516,11850.0,Low
133,0.9238144634074305,-0.5625659295581565,saab,gas,std,,sedan,fwd,front,99.1,1.0062350909853233,0.29072270154097635,0.9532282901212306,0.2693489561662973,ohc,,-0.14142165025240283,mpfi,0.7728744990091485,-0.5854342997490484,-0.21580176119505237,0.1758279472782452,0.2755588897382818,-0.6506244800016464,-0.39420514430623516,12170.0,Low
134,1.7207531206816515,0.8751025570904657,saab,gas,std,,hatchback,fwd,front,99.1,1.0062350909853233,0.29072270154097635,0.9532282901212306,0.2925464739222463,ohc,,-0.14142165025240283,mpfi,-2.91997721830354,-3.717714502100019,-0.21580176119505237,0.1758279472782452,0.2755588897382818,-0.6506244800016464,-0.39420514430623516,15040.0,Low
135,0.9238144634074305,-0.5625659295581565,saab,gas,std,,sedan,fwd,front,99.1,1.0062350909853233,0.29072270154097635,0.9532282901212306,0.39113592438502964,ohc,,-0.14142165025240283,mpfi,0.7728744990091485,-0.5854342997490484,-0.21580176119505237,0.1758279472782452,0.2755588897382818,-0.6506244800016464,-0.39420514430623516,15510.0,Low
136,1.7207531206816515,0.8751025570904657,saab,gas,turbo,,hatchback,fwd,front,99.1,1.0062350909853233,0.29072270154097635,0.9532282901212306,0.48779224836815055,dohc,,-0.14142165025240283,mpfi,0.7728744990091485,-0.5854342997490484,-0.290708773629209,1.5072496180686095,0.7958266227356086,-0.9619947668595773,-0.6876689739564323,18150.0,Low
137,0.9238144634074305,-0.5625659295581565,saab,gas,turbo,,sedan,fwd,front,99.1,1.0062350909853233,0.29072270154097635,0.9532282901212306,0.5631841810749849,dohc,,-0.14142165025240283,mpfi,0.7728744990091485,-0.5854342997490484,-0.290708773629209,1.5072496180686095,0.7958266227356086,-0.9619947668595773,-0.6876689739564323,18620.0,Medium
138,0.9238144634074305,-1.218892847376006,subaru,gas,std,,hatchback,fwd,front,93.7,-1.4040536589765922,-1.1844345894214192,-0.027235094003462152,-0.9775176232159627,ohcf,,-0.7190829887939701,2bbl,1.068302636394164,-2.8093532434182373,-0.290708773629209,-0.9159378227698535,-0.45281593645797563,0.9062269542880077,0.7796501742945533,5118.0,Low
139,0.9238144634074305,-1.218892847376006,subaru,gas,std,,hatchback,fwd,front,93.7,-1.3228991556108711,-1.0892631512948117,-0.027235094003462152,-0.8421987696395934,ohcf,,-0.4543215419624185,2bbl,1.068302636394164,-1.9323147867599648,-0.36561578606336564,-0.8094240891066243,-1.493351402452629,0.12780123714318062,0.045990600169060515,7053.0,Low
140,0.9238144634074305,-1.218892847376006,subaru,gas,std,,hatchback,4wd,front,93.3,-1.3715918576303032,-0.9940917131682077,0.7898177261004489,-0.6102235920801031,ohcf,,-0.4543215419624185,2bbl,1.068302636394164,-1.9323147867599648,-0.36561578606336564,-0.8094240891066243,-1.493351402452629,0.12780123714318062,0.045990600169060515,7603.0,Low
141,-0.6700628511410116,-0.6250732550646184,subaru,gas,std,,sedan,fwd,front,97.2,-0.1786206581542042,-0.23272020815535463,-0.51746678606581,-0.793870607648033,ohcf,,-0.4543215419624185,2bbl,1.068302636394164,-1.9323147867599648,-0.1658637529056149,-0.5697681883643588,-0.6609230296569063,1.0619120977169731,0.9263820891196519,7126.0,Low
142,-0.6700628511410116,-0.6250732550646184,subaru,gas,std,,sedan,fwd,front,97.2,-0.1786206581542042,-0.23272020815535463,-0.51746678606581,-0.7068799160632241,ohcf,,-0.4543215419624185,2bbl,1.068302636394164,-1.9323147867599648,-0.1658637529056149,-0.5697681883643588,-1.493351402452629,0.4391715240011114,0.33945442981925766,7775.0,Low
143,-0.6700628511410116,-0.6250732550646184,subaru,gas,std,,sedan,fwd,front,97.2,-0.1786206581542042,-0.23272020815535463,-0.51746678606581,-0.4169109441138613,ohcf,,-0.4543215419624185,mpfi,1.068302636394164,-1.9323147867599648,-0.290708773629209,-0.25022698737467136,0.17150534313881646,0.12780123714318062,0.19272251499415907,9960.0,Low
144,-0.6700628511410116,-0.6250732550646184,subaru,gas,std,,sedan,4wd,front,97.0,-0.1786206581542042,-0.23272020815535463,0.21788075202770885,-0.3299202525290525,ohcf,,-0.4543215419624185,2bbl,1.068302636394164,-1.9323147867599648,-0.290708773629209,-0.5697681883643588,-0.6609230296569063,-0.18356904971475022,-0.8344008887815308,9233.0,Low
145,-0.6700628511410116,-0.6250732550646184,subaru,gas,turbo,,sedan,4wd,front,97.0,-0.1786206581542042,-0.23272020815535463,0.21788075202770885,-0.08827944257125016,ohcf,,-0.4543215419624185,mpfi,1.068302636394164,-1.9323147867599648,-0.6153058275105537,0.20245638069405247,-0.6609230296569063,-0.18356904971475022,-0.24747322948113662,11259.0,Low
146,-0.6700628511410116,-1.0313708708566203,subaru,gas,std,,wagon,fwd,front,97.0,-0.05688890310562257,-0.23272020815535463,-0.3132035810398322,-0.5135672680969823,ohcf,,-0.4543215419624185,2bbl,1.068302636394164,-1.9323147867599648,-0.290708773629209,-0.5697681883643588,-0.6609230296569063,0.4391715240011114,0.19272251499415907,7463.0,Low
147,-0.6700628511410116,-1.0313708708566203,subaru,gas,std,,wagon,fwd,front,97.0,-0.05688890310562257,-0.23272020815535463,-0.3132035810398322,-0.19460139895268316,ohcf,,-0.4543215419624185,mpfi,1.068302636394164,-1.9323147867599648,-0.290708773629209,-0.25022698737467136,0.17150534313881646,-0.02788390628578479,0.045990600169060515,10198.0,Low
148,-0.6700628511410116,-1.156385521869544,subaru,gas,std,,wagon,4wd,front,96.9,-0.04877345276905092,-0.23272020815535463,0.4629965980588827,-0.26226082574086784,ohcf,,-0.4543215419624185,2bbl,1.068302636394164,-1.9323147867599648,-0.290708773629209,-0.5697681883643588,-0.6609230296569063,-0.33925419314371563,-0.24747322948113662,8013.0,Low
149,-0.6700628511410116,-1.156385521869544,subaru,gas,turbo,,wagon,4wd,front,96.9,-0.04877345276905092,-0.23272020815535463,0.4629965980588827,0.18235826458148843,ohcf,,-0.4543215419624185,mpfi,1.068302636394164,-1.9323147867599648,-0.6153058275105537,0.20245638069405247,-0.6609230296569063,-0.33925419314371563,-1.127864718431728,11694.0,Low
150,0.12687580613320937,-1.0938781963630821,toyota,gas,std,,hatchback,fwd,front,95.7,-1.2579755529182957,-1.0892631512948117,0.2995860340381011,-1.1031708443940198,ohc,,-0.83942910099013,2bbl,-1.0366228424740696,-0.7107255078430873,-0.290708773629209,-1.1023368566805045,-0.6609230296569063,1.5289675280038693,1.219845918769849,5348.0,Low
151,0.12687580613320937,-1.0938781963630821,toyota,gas,std,,hatchback,fwd,front,95.7,-1.2579755529182957,-1.0892631512948117,0.2995860340381011,-0.9968488880125869,ohc,,-0.83942910099013,2bbl,-1.0366228424740696,-0.7107255078430873,-0.290708773629209,-1.1023368566805045,-0.6609230296569063,0.9062269542880077,1.0731140039447504,6338.0,Low
152,0.12687580613320937,-1.500175812155084,toyota,gas,std,,hatchback,fwd,front,95.7,-1.2579755529182957,-1.0892631512948117,0.2995860340381011,-1.0451770500041473,ohc,,-0.83942910099013,2bbl,-1.0366228424740696,-0.7107255078430873,-0.290708773629209,-1.1023368566805045,-0.6609230296569063,0.9062269542880077,1.0731140039447504,6488.0,Low
153,-0.6700628511410116,-1.4064148238953913,toyota,gas,std,,wagon,fwd,front,95.7,-0.3652760158953636,-1.0892631512948117,2.178807520277097,-0.5328985328936064,ohc,,-0.83942910099013,2bbl,-1.0366228424740696,-0.7107255078430873,-0.290708773629209,-1.1023368566805045,-0.6609230296569063,0.9062269542880077,0.9263820891196519,6918.0,Low
154,-0.6700628511410116,-1.2814001728824675,toyota,gas,std,,wagon,4wd,front,95.7,-0.3652760158953636,-1.0892631512948117,2.178807520277097,-0.5135672680969823,ohc,,-0.83942910099013,2bbl,-1.0366228424740696,-0.7107255078430873,-0.290708773629209,-1.1023368566805045,-0.6609230296569063,0.28348638057214604,0.19272251499415907,7898.0,Low
155,-0.6700628511410116,-0.9688635453501585,toyota,gas,std,,wagon,4wd,front,95.7,-0.3652760158953636,-1.0892631512948117,2.178807520277097,1.071596445226201,ohc,,-0.83942910099013,2bbl,-1.0366228424740696,-0.7107255078430873,-0.290708773629209,-1.1023368566805045,-0.6609230296569063,0.28348638057214604,0.19272251499415907,8778.0,Low
156,-0.6700628511410116,-0.9688635453501585,toyota,gas,std,,sedan,fwd,front,95.7,-0.6412013273388135,-0.7085773987883852,-0.3132035810398322,-0.9175907023464277,ohc,,-0.6950137663547382,2bbl,-0.5196236020502927,-0.7107255078430873,-0.290708773629209,-0.8893093893540462,-0.6609230296569063,0.7505418108590423,0.9263820891196519,6938.0,Low
157,-0.6700628511410116,-0.9688635453501585,toyota,gas,std,,hatchback,fwd,front,95.7,-0.6412013273388135,-0.7085773987883852,-0.39490886305022443,-0.86346316091588,ohc,,-0.6950137663547382,2bbl,-0.5196236020502927,-0.7107255078430873,-0.290708773629209,-0.8893093893540462,-0.6609230296569063,0.7505418108590423,0.9263820891196519,7198.0,Low
158,-0.6700628511410116,-0.9688635453501585,toyota,diesel,std,,sedan,fwd,front,95.7,-0.6412013273388135,-0.7085773987883852,-0.3132035810398322,-0.5425641652919185,ohc,,-0.40618309708395456,idi,-0.2241954646652774,0.2916041569092242,3.0801067859078324,-1.2621074571753481,-1.2852443092536983,1.3732823845749038,0.7796501742945533,7898.0,Low
159,-0.6700628511410116,-0.9688635453501585,toyota,diesel,std,,hatchback,fwd,front,95.7,-0.6412013273388135,-0.7085773987883852,-0.39490886305022443,-0.5425641652919185,ohc,,-0.40618309708395456,idi,-0.2241954646652774,0.2916041569092242,3.0801067859078324,-1.2621074571753481,-1.2852443092536983,1.9960229582907656,2.3937012373706374,7788.0,Low
160,-0.6700628511410116,-0.9688635453501585,toyota,gas,std,,sedan,fwd,front,95.7,-0.6412013273388135,-0.7085773987883852,-0.3132035810398322,-0.8924600581108163,ohc,,-0.6950137663547382,2bbl,-0.5196236020502927,-0.7107255078430873,-0.290708773629209,-0.8893093893540462,-0.6609230296569063,1.9960229582907656,2.3937012373706374,7738.0,Low
161,-0.6700628511410116,-0.9688635453501585,toyota,gas,std,,hatchback,fwd,front,95.7,-0.6412013273388135,-0.7085773987883852,-0.39490886305022443,-0.8383325166802685,ohc,,-0.6950137663547382,2bbl,-0.5196236020502927,-0.7107255078430873,-0.290708773629209,-0.8893093893540462,-0.6609230296569063,0.4391715240011114,0.4861863446443562,8358.0,Low
162,-0.6700628511410116,-0.9688635453501585,toyota,gas,std,,sedan,fwd,front,95.7,-0.6412013273388135,-0.7085773987883852,-0.39490886305022443,-0.803536240046345,ohc,,-0.6950137663547382,2bbl,-0.5196236020502927,-0.7107255078430873,-0.290708773629209,-0.8893093893540462,-0.6609230296569063,0.4391715240011114,0.4861863446443562,9258.0,Low
163,0.12687580613320937,1.4376684866486222,toyota,gas,std,,sedan,rwd,front,94.5,-0.4464305192610847,-0.8989202750416002,-0.47661414506061384,-0.7474755721361349,ohc,,-0.6950137663547382,2bbl,-0.5196236020502927,-0.7107255078430873,-0.290708773629209,-0.8893093893540462,-0.6609230296569063,0.5948566674300768,0.4861863446443562,8058.0,Low
164,0.12687580613320937,1.4376684866486222,toyota,gas,std,,hatchback,rwd,front,94.5,-0.4464305192610847,-0.8989202750416002,-0.47661414506061384,-0.6798161453479502,ohc,,-0.6950137663547382,2bbl,-0.5196236020502927,-0.7107255078430873,-0.290708773629209,-0.8893093893540462,-0.6609230296569063,0.5948566674300768,0.4861863446443562,8238.0,Low
165,0.12687580613320937,1.4376684866486222,toyota,gas,std,,sedan,rwd,front,94.5,-0.4464305192610847,-0.8989202750416002,-0.47661414506061384,-0.5618954300885427,dohc,,-0.6950137663547382,mpfi,-0.3349810161846573,-0.5541114977255379,-0.19083275705033362,0.22908481410985976,3.085004647923846,0.12780123714318062,-0.24747322948113662,9298.0,Low
166,0.12687580613320937,1.4376684866486222,toyota,gas,std,,hatchback,rwd,front,94.5,-0.4464305192610847,-0.8989202750416002,-0.47661414506061384,-0.49423600330035805,dohc,,-0.6950137663547382,mpfi,-0.3349810161846573,-0.5541114977255379,-0.19083275705033362,0.22908481410985976,3.085004647923846,0.12780123714318062,-0.24747322948113662,9538.0,Low
167,0.9238144634074305,0.375043953038771,toyota,gas,std,,hardtop,rwd,front,98.4,0.16222825598182344,-0.1375487700287539,-0.7217299910917877,-0.0302856481813776,ohc,,0.4603089107283965,mpfi,1.068302636394164,0.7614461872618695,-0.21580176119505237,0.3355985477730889,-0.6609230296569063,-0.18356904971475022,-0.10074131465603804,8449.0,Low
168,0.9238144634074305,0.375043953038771,toyota,gas,std,,hardtop,rwd,front,98.4,0.16222825598182344,-0.1375487700287539,-0.7217299910917877,-0.03801815410002727,ohc,,0.4603089107283965,mpfi,1.068302636394164,0.7614461872618695,-0.21580176119505237,0.3355985477730889,-0.6609230296569063,-0.18356904971475022,-0.10074131465603804,9639.0,Low
169,0.9238144634074305,0.375043953038771,toyota,gas,std,,hatchback,rwd,front,98.4,0.16222825598182344,-0.1375487700287539,-0.7217299910917877,-0.009021256905090994,ohc,,0.4603089107283965,mpfi,1.068302636394164,0.7614461872618695,-0.21580176119505237,0.3355985477730889,-0.6609230296569063,-0.18356904971475022,-0.10074131465603804,9989.0,Low
170,0.9238144634074305,0.375043953038771,toyota,gas,std,,hardtop,rwd,front,98.4,0.16222825598182344,-0.1375487700287539,-0.7217299910917877,0.23841893249169857,ohc,,0.4603089107283965,mpfi,1.068302636394164,0.7614461872618695,-0.21580176119505237,0.3355985477730889,-0.6609230296569063,-0.18356904971475022,-0.10074131465603804,11199.0,Low
171,0.9238144634074305,0.375043953038771,toyota,gas,std,,hatchback,rwd,front,98.4,0.16222825598182344,-0.1375487700287539,-0.7217299910917877,0.30607835927988325,ohc,,0.4603089107283965,mpfi,1.068302636394164,0.7614461872618695,-0.21580176119505237,0.3355985477730889,-0.6609230296569063,-0.18356904971475022,-0.10074131465603804,11549.0,Low
172,0.9238144634074305,0.375043953038771,toyota,gas,std,,convertible,rwd,front,98.4,0.16222825598182344,-0.1375487700287539,-0.3132035810398322,0.8106243704717745,ohc,,0.4603089107283965,mpfi,1.068302636394164,0.7614461872618695,-0.21580176119505237,0.3355985477730889,-0.6609230296569063,-0.18356904971475022,-0.10074131465603804,17669.0,Low
173,-1.4670015084152326,-1.7814587769341623,toyota,gas,std,,sedan,fwd,front,102.4,0.11353555396239125,0.29072270154097635,0.4629965980588827,-0.44397471482913514,ohc,,-0.11735242781317085,mpfi,-0.07648139597276975,0.8867373953559085,-0.36561578606336564,-0.30348385420628593,-1.9095655888504903,0.5948566674300768,0.4861863446443562,8948.0,Low
174,-1.4670015084152326,-1.7814587769341623,toyota,diesel,turbo,,sedan,fwd,front,102.4,0.11353555396239125,0.29072270154097635,0.4629965980588827,-0.1462732369611227,ohc,,-0.40618309708395456,idi,-0.2241954646652774,0.2916041569092242,3.0801067859078324,-0.8094240891066243,-1.2852443092536983,0.7505418108590423,0.33945442981925766,10698.0,Low
175,-1.4670015084152326,-1.7814587769341623,toyota,gas,std,,hatchback,fwd,front,102.4,0.11353555396239125,0.29072270154097635,0.05447018800692721,-0.27385958461884236,ohc,,-0.11735242781317085,mpfi,-0.07648139597276975,0.8867373953559085,-0.36561578606336564,-0.30348385420628593,-1.9095655888504903,0.28348638057214604,0.19272251499415907,9988.0,Low
176,-1.4670015084152326,-1.7814587769341623,toyota,gas,std,,sedan,fwd,front,102.4,0.11353555396239125,0.29072270154097635,0.4629965980588827,-0.27385958461884236,ohc,,-0.11735242781317085,mpfi,-0.07648139597276975,0.8867373953559085,-0.36561578606336564,-0.30348385420628593,-1.9095655888504903,0.28348638057214604,0.19272251499415907,10898.0,Low
177,-1.4670015084152326,-1.7814587769341623,toyota,gas,std,,hatchback,fwd,front,102.4,0.11353555396239125,0.29072270154097635,0.05447018800692721,-0.1888020195136959,ohc,,-0.11735242781317085,mpfi,-0.07648139597276975,0.8867373953559085,-0.36561578606336564,-0.30348385420628593,-1.9095655888504903,0.28348638057214604,0.19272251499415907,11248.0,Low
178,1.7207531206816515,2.344024706492319,toyota,gas,std,,hatchback,rwd,front,102.9,0.7546561305515883,0.8617513303006145,-0.7217299910917877,0.8125574969514369,dohc,,1.0620394717091959,mpfi,-0.2241954646652774,0.2916041569092242,-0.21580176119505237,1.5338780514844168,0.17150534313881646,-0.8063096234306119,-0.9811328036066295,16558.0,Low
179,1.7207531206816515,2.344024706492319,toyota,gas,std,,hatchback,rwd,front,102.9,0.7546561305515883,0.8617513303006145,-0.7217299910917877,0.8898825561379337,dohc,,1.0620394717091959,mpfi,-0.2241954646652774,0.2916041569092242,-0.21580176119505237,1.5338780514844168,0.17150534313881646,-0.9619947668595773,-0.9811328036066295,15998.0,Low
180,-1.4670015084152326,-1.0001172081033893,toyota,gas,std,,sedan,rwd,front,104.5,1.10362049502419,0.29072270154097635,0.13617547001731947,1.1121921012991118,dohc,,1.0620394717091959,mpfi,-0.2241954646652774,0.2916041569092242,-0.24077076533977154,1.4007358844053803,0.17150534313881646,-0.8063096234306119,-0.9811328036066295,15690.0,Low
181,-1.4670015084152326,0.0,toyota,gas,std,,wagon,rwd,front,104.5,1.10362049502419,0.29072270154097635,0.13617547001731947,1.1508546308923602,dohc,,0.8213472473168761,mpfi,-0.2241954646652774,0.2916041569092242,-0.24077076533977154,1.4007358844053803,0.17150534313881646,-0.9619947668595773,-0.9811328036066295,15750.0,Low
182,0.9238144634074305,0.0,volkswagen,diesel,std,,sedan,fwd,front,97.3,-0.20296700916392144,-0.18513448909205427,0.7898177261004489,-0.5696279360071924,ohc,,-0.7190829887939701,idi,-1.1843369111665771,0.44821816702677214,3.2049518066314264,-1.3686211908385773,-0.6609230296569063,1.8403378148618001,2.246969322545539,7775.0,Low
183,0.9238144634074305,0.0,volkswagen,gas,std,,sedan,fwd,front,97.3,-0.20296700916392144,-0.18513448909205427,0.7898177261004489,-0.6701505129496381,ohc,,-0.4302523195231865,mpfi,-0.5196236020502927,0.44821816702677214,-0.290708773629209,-0.4898828881169369,0.2755588897382818,0.28348638057214604,0.4861863446443562,7975.0,Low
184,0.9238144634074305,-0.8751025570904657,volkswagen,diesel,std,,sedan,fwd,front,97.3,-0.20296700916392144,-0.18513448909205427,0.7898177261004489,-0.5638285565682051,ohc,,-0.7190829887939701,idi,-1.1843369111665771,0.44821816702677214,3.2049518066314264,-1.3686211908385773,-0.6609230296569063,1.8403378148618001,2.246969322545539,7995.0,Low
185,0.9238144634074305,-0.8751025570904657,volkswagen,gas,std,,sedan,fwd,front,97.3,-0.20296700916392144,-0.18513448909205427,0.7898177261004489,-0.6643511335106509,ohc,,-0.4302523195231865,mpfi,-0.5196236020502927,0.44821816702677214,-0.290708773629209,-0.4898828881169369,0.2755588897382818,0.28348638057214604,0.4861863446443562,8195.0,Low
186,0.9238144634074305,-0.8751025570904657,volkswagen,gas,std,,sedan,fwd,front,97.3,-0.20296700916392144,-0.18513448909205427,0.7898177261004489,-0.5425641652919185,ohc,,-0.4302523195231865,mpfi,-0.5196236020502927,0.44821816702677214,-0.290708773629209,-0.4898828881169369,0.2755588897382818,0.28348638057214604,0.4861863446443562,8495.0,Low
187,0.9238144634074305,-0.8751025570904657,volkswagen,diesel,turbo,,sedan,fwd,front,97.3,-0.20296700916392144,-0.18513448909205427,0.7898177261004489,-0.4575066001867721,ohc,,-0.7190829887939701,idi,-1.1843369111665771,0.44821816702677214,3.2049518066314264,-0.9425662561856608,-1.2852443092536983,1.8403378148618001,1.6600416632451447,9495.0,Low
188,0.9238144634074305,-0.8751025570904657,volkswagen,gas,std,,sedan,fwd,front,97.3,-0.20296700916392144,-0.18513448909205427,0.7898177261004489,-0.49423600330035805,ohc,,-0.4302523195231865,mpfi,-0.5196236020502927,0.44821816702677214,-0.04101873218202077,-0.09045638687982767,0.7958266227356086,0.12780123714318062,0.19272251499415907,9995.0,Low
189,1.7207531206816515,0.0,volkswagen,gas,std,,convertible,fwd,front,94.5,-1.2092828508988611,-0.8037488369149927,0.7489650850952527,-0.5831598213648294,ohc,,-0.4302523195231865,mpfi,-0.5196236020502927,0.44821816702677214,-0.41555379435280315,-0.3567407210379005,0.7958266227356086,-0.18356904971475022,-0.24747322948113662,11595.0,Low
190,1.7207531206816515,4.187990808932943,volkswagen,gas,std,,hatchback,fwd,front,94.5,-0.689894029358248,-0.8989202750416002,-0.9668458371229616,-0.6469529951936891,ohc,,-0.4302523195231865,mpfi,-0.5196236020502927,0.44821816702677214,-0.41555379435280315,-0.3567407210379005,0.7958266227356086,-0.18356904971475022,-0.24747322948113662,9980.0,Low
191,-0.6700628511410116,0.0,volkswagen,gas,std,,sedan,fwd,front,100.4,0.48684626944470777,0.4810655777941913,0.544701880069275,0.20362265585777506,ohc,,0.21961668633607678,mpfi,-0.5196236020502927,0.44821816702677214,-0.41555379435280315,0.1758279472782452,0.7958266227356086,-0.9619947668595773,-0.9811328036066295,13295.0,Low
192,-0.6700628511410116,0.0,volkswagen,diesel,turbo,,sedan,fwd,front,100.4,0.48684626944470777,0.4810655777941913,0.544701880069275,0.04510628452545672,ohc,,-0.7190829887939701,idi,-1.1843369111665771,0.44821816702677214,3.2049518066314264,-0.9425662561856608,-1.2852443092536983,1.2175972411459386,1.0731140039447504,13845.0,Low
193,-0.6700628511410116,0.0,volkswagen,gas,std,,wagon,fwd,front,100.4,0.7221943292052994,0.4810655777941913,0.544701880069275,0.01417626085085803,ohc,,-0.4302523195231865,mpfi,-0.5196236020502927,0.44821816702677214,-0.290708773629209,-0.40999758786951507,0.7958266227356086,-0.02788390628578479,0.045990600169060515,12290.0,Low
194,-2.2639401656894536,-0.5938195923113875,volvo,gas,std,,sedan,rwd,front,104.3,1.184774998389911,0.6238227349840991,0.9940809311264267,0.6888374022530421,ohc,,0.33996279853223665,mpfi,1.659158911164193,-0.33485188356097045,-0.1658637529056149,0.2823416809414743,0.5877195295366778,-0.33925419314371563,-0.39420514430623516,12940.0,Low
195,-1.4670015084152326,-1.500175812155084,volvo,gas,std,,wagon,rwd,front,104.3,1.184774998389911,0.6238227349840991,1.5251652641939677,0.9246788327718571,ohc,,0.33996279853223665,mpfi,1.659158911164193,-0.33485188356097045,-0.1658637529056149,0.2823416809414743,0.5877195295366778,-0.33925419314371563,-0.39420514430623516,13415.0,Low
196,-2.2639401656894536,-0.5938195923113875,volvo,gas,std,,sedan,rwd,front,104.3,1.184774998389911,0.6238227349840991,0.9940809311264267,0.7332993112852777,ohc,,0.33996279853223665,mpfi,1.659158911164193,-0.33485188356097045,-0.1658637529056149,0.2823416809414743,0.5877195295366778,-0.18356904971475022,-0.39420514430623516,15985.0,Low
197,-1.4670015084152326,-1.500175812155084,volvo,gas,std,,wagon,rwd,front,104.3,1.184774998389911,0.6238227349840991,1.5251652641939677,0.9401438446091566,ohc,,0.33996279853223665,mpfi,1.659158911164193,-0.33485188356097045,-0.1658637529056149,0.2823416809414743,0.5877195295366778,-0.18356904971475022,-0.39420514430623516,16515.0,Low
198,-2.2639401656894536,-0.5938195923113875,volvo,gas,turbo,,sedan,rwd,front,104.3,1.184774998389911,0.6238227349840991,0.9940809311264267,0.9459432240481438,ohc,,0.07520135170068494,mpfi,1.068302636394164,-0.33485188356097045,-0.6652438357999914,1.560506484900224,-0.036601750060114235,-1.273365053717508,-1.2745966332568266,18420.0,Low
199,-1.4670015084152326,-1.500175812155084,volvo,gas,turbo,,wagon,rwd,front,104.3,1.184774998389911,0.6238227349840991,1.5251652641939677,1.1624533897703346,ohc,,0.07520135170068494,mpfi,1.068302636394164,-0.33485188356097045,-0.6652438357999914,1.560506484900224,-0.036601750060114235,-1.273365053717508,-1.2745966332568266,18950.0,Medium
200,-1.4670015084152326,-0.8438488943372348,volvo,gas,std,,sedan,rwd,front,109.1,1.184774998389911,1.4327799590602526,0.7081124440900566,0.7661624614395388,ohc,,0.33996279853223665,mpfi,1.659158911164193,-0.33485188356097045,-0.1658637529056149,0.2823416809414743,0.5877195295366778,-0.33925419314371563,-0.39420514430623516,16845.0,Low
201,-1.4670015084152326,-0.8438488943372348,volvo,gas,turbo,,sedan,rwd,front,109.1,1.184774998389911,1.3851942399969455,0.7081124440900566,0.9536757299667934,ohc,,0.33996279853223665,mpfi,1.659158911164193,-0.33485188356097045,-0.36561578606336564,1.5072496180686095,0.37961243633774716,-0.9619947668595773,-0.8344008887815308,19045.0,Medium
202,-1.4670015084152326,-0.8438488943372348,volvo,gas,std,,sedan,rwd,front,109.1,1.184774998389911,1.4327799590602526,0.7081124440900566,0.8821500502192839,ohcv,,1.1101779165876597,mpfi,0.9205885677016562,-1.2118903402192416,-0.3406467819186465,0.81491034925762,0.7958266227356086,-1.1176799102885426,-1.127864718431728,21485.0,Medium
203,-1.4670015084152326,-0.8438488943372348,volvo,diesel,turbo,,sedan,rwd,front,109.1,1.184774998389911,1.4327799590602526,0.7081124440900566,1.2784409785500799,ohc,,0.43623968828916454,idi,-1.1843369111665771,0.44821816702677214,3.2049518066314264,0.06931421361501604,-0.6609230296569063,0.12780123714318062,-0.5409370591313337,22470.0,Medium
204,-1.4670015084152326,-0.8438488943372348,volvo,gas,turbo,,sedan,rwd,front,109.1,1.184774998389911,1.4327799590602526,0.7081124440900566,0.9788063742024049,ohc,,0.33996279853223665,mpfi,1.659158911164193,-0.33485188356097045,-0.1658637529056149,0.2823416809414743,0.5877195295366778,-0.9619947668595773,-0.8344008887815308,22625.0,Medium
